,Subject,Subject Number,Age,Gender,Genotype,Modulator,Repeated trials,Macroduct Concentration 1 (mM),Macroduct Concentration 2 (mM),Macroduct Concentration 3 (mM),Macroduct Concentration 4 (mM),Mac 1 - Mac 2,Mac 3 - Mac 4
CF22_T1,CF22,1,28.0,F,F508del/F508del,Tri,T1,48.0,48.0,52.0,51.0,0.0,1.0
CM02_S1,CM02,2,39.0,M,F508del/F508del,Tez/Iva,S1,70.0,73.0,67.0,74.0,-3.0,-7.0
CM02_S2,CM02,2,39.0,M,F508del/F508del,Tez/Iva,S2,62,91,49.0,101.0,-29,-52.0
CM02_S3,CM02,2,39.0,M,F508del/F508del,Tez/Iva,S3,58.0,79.0,65.0,65.0,-21.0,0.0
CM02_S4,CM02,2,39.0,M,F508del/F508del,Tez/Iva,S4,59,85,62,72,-26,-10
CM02_S5,CM02,2,39.0,M,F508del/F508del,Tez/Iva,S5,67.0,73.0,64.0,71.0,-6.0,-7.0
CM02_T1,CM02,2,40.0,M,F508del/F508del,Tez/Iva,T1,20.0,21.0,14.0,21.0,-1.0,-7.0
EM12_S1,EM12,3,32.0,M,F508del/F508del,Tez/Iva,S1,61.0,74.0,68.0,86.0,-13.0,-18.0
EM12_S2,EM12,3,32.0,M,F508del/F508del,Tez/Iva,S2,59.0,67.0,58.0,78,-8.0,-20.0
EM12_S3,EM12,3,32.0,M,F508del/F508del,Tez/Iva,S3,75.0,82.0,73.0,82.0,-7.0,-9.0
EM12_S4,EM12,3,32.0,M,F508del/F508del,Tez/Iva,S4,83.0,88.0,75.0,85.0,-5.0,-10.0
EM12_T1,EM12,3,32.0,M,F508del/F508del,Tez/Iva,T1,14.0,15.0,14.0,15.0,-1.0,-1.0
EM12_T2,EM12,3,32.0,M,F508del/F508del,Tez/Iva,T2,12.0,13.0,16.0,16.0,-1.0,0.0
JF06_S1,JF06,4,36.0,F,F508del/F508del,Tez/Iva,S1,70.0,66.0,50.0,45.0,4.0,5.0
JF06_S2,JF06,4,36.0,F,F508del/F508del,Tez/Iva,S2,34,85.0,57.0,98.0,-51.0,-41.0
JF06_S3,JF06,4,37.0,F,F508del/F508del,Tez/Iva,S3,84.0,87.0,92.0,84.0,-3.0,8.0
JF06_T1,JF06,4,37.0,F,F508del/F508del,Tez/Iva,T1,16.0,15.0,13.0,12.0,1.0,1.0
JM07_O1,JM07,5,21.0,M,F508del/F508del,Lum/Iva,O1,95.0,106,89.0,105.0,-11.0,-16.0
JM07_O2,JM07,5,21.0,M,F508del/F508del,Lum/Iva,O2,63.0,83.0,85,92.0,-20.0,-7.0
JM07_O3,JM07,5,21.0,M,F508del/F508del,Lum/Iva,O3,74.0,67.0,71.0,83.0,7.0,-12.0
LF04_S1,LF04,6,25.0,F,F508del/F508del,Tez/Iva,S1,107.0,114.0,93.0,100.0,-7.0,-7.0
SF14_S1,SF14,7,27.0,F,F508del/F508del,Tez/Iva,S1,40,46,41.0,,-6,
AM18_T1,AM18,8,27.0,M,F508del/G551D,Tri,T1,61.0,37.0,37.0,28.0,24.0,9.0
AM18_T2,AM18,8,27.0,M,F508del/G551D,Tri,T2,28.0,19.0,28.0,22.0,9.0,6.0
AM18_T3,AM18,8,27.0,M,F508del/G551D,Tri,T3,18.0,22.0,25.0,29.0,-4.0,-4.0
AM18_K1,AM18,8,27.0,M,F508del/G551D,Iva,K1,50.0,35.0,49.0,28.0,15.0,21.0
KF13_K1,KF13,9,46.0,F,F508del/G551D,Iva,K1,43.0,30.0,41.0,23,13.0,18.0
KF17_K1,KF17,10,,F,F508del/G551D,Iva,K1,55.0,30.0,63.0,34.0,25.0,29.0
KF17_K2,KF17,10,,F,F508del/G551D,Iva,K2,43.0,25.0,33.0,,18.0,
AF08_S1,AF08,11,19.0,F,F508del / 3849+10kbC>T,Tez/Iva,S1,40.0,32.0,37.0,40.0,8.0,-3.0
AF08_S2,AF08,11,19.0,F,F508del / 3849+10kbC>T,Tez/Iva,S2,36.0,41,20,,-5.0,
AF08_S3,AF08,11,19.0,F,F508del / 3849+10kbC>T,Tez/Iva,S3,39.0,37.0,46.0,56,2.0,-10.0
ZF05_S1,ZF05,12,,F,F508del/2789+5GàA,Tez/Iva,S1,91.0,91.0,85.0,96.0,0.0,-11.0
ZF05_S2,ZF05,12,,F,F508del/2789+5GàA,Tez/Iva,S2,77.0,86.0,72.0,75.0,-9.0,-3.0
JM11_1,JM11,13,31.0,M,F508del/3905insT,None,_1,99.0,107.0,99.0,101.0,-8.0,-2.0
JM11_2,JM11,13,31.0,M,F508del/3905insT,None,_2,101.0,110.0,93.0,106.0,-9.0,-13.0
AF20_1,AF20,14,22.0,F,F508del/G542X,None,_1,95.0,109.0,89.0,108.0,-14.0,-19.0
AF20_T1,AF20,14,22.0,F,F508del/G542X,None,T1,51.0,58.0,52.0,56.0,-7.0,-4.0
CM16_1,CM16,15,48.0,M,F508del/G542X,None,_1,80.0,81.0,,,-1.0,
TM10_1,TM10,16,23.0,M,F508del/G542X,None,_1,86.0,103.0,99.0,102.0,-17.0,-3.0
JF19_1,JF19,17,43.0,F,F508del/R1066C,None,_1,92.0,101.0,92.0,94.0,-9.0,-2.0
JF19_2,JF19,17,43.0,F,F508del/R1066C,None,_2,92,96,96.0,106,-4,-10.0
JF19_T1,JF19,17,43.0,F,F508del/R1066C,None,T1,58.0,64,36.0,26,-6.0,10.0
JF23_T1,JF23,18,28.0,F,F508del/W1282X,Tri,T1,29.0,30.0,21.0,22.0,-1.0,-1.0
KF24_K1,KF24,19,,F,G551D/2622+1G>A,Iva,K1,58.0,27.0,48.0,29.0,31.0,19.0
LF03_K1,LF03,20,40.0,F,W1282X/2789+5G -> A,Iva,K1,89.0,99.0,90.0,98.0,-10.0,-8.0
LF03_S1,LF03,20,40.0,F,W1282X/2789+5G -> A,Tez/Iva,S1,88.0,82,80.0,92.0,6.0,-12.0
